<?xml version="1.0" encoding="UTF-8" ?>

<!DOCTYPE struts PUBLIC   
     "-//Apache Software Foundation//DTD Struts Configuration 2.0//EN"   
     "http://struts.apache.org/dtds/struts-2.0.dtd">
     
     
<struts>
    <package name="liu" extends="struts-default">
        <global-results>
            <result name="succeed">/common/succeed.jsp</result>
            <result name="successAdd">/common/add_success.jsp</result>
            <result name="successDel">/common/del_success.jsp</result>
            <result name="successUpdate">/common/update_success.jsp</result>
        </global-results>
        
        <action name="upload" class="com.util.upload" method="upload">
             <result name="success">/upload/upload_re.jsp</result>
        </action>
        
        <action name="index" class="indexAction" method="index">
            <result name="success">/qiantai/index.jsp</result>
        </action>
        
        <action name="userReg" class="userAction" method="userReg">
        </action>
        <action name="userEdit" class="userAction" method="userEdit">
        </action>
        <action name="userLogin" class="userAction" method="userLogin">
        </action>
        <action name="userLogout" class="userAction" method="userLogout">
             <result name="success">/qiantai/default.jsp</result>
        </action>
        <action name="userDel" class="userAction" method="userDel">
        </action>
        <action name="userMana" class="userAction" method="userMana">
             <result name="success">/admin/user/userMana.jsp</result>
        </action>
        <action name="userXinxi" class="userAction" method="userXinxi">
             <result name="success">/admin/order/userXinxi.jsp</result>
        </action>
        
        <action name="adminAdd" class="adminAction" method="adminAdd">
        </action>
        <action name="adminDel" class="adminAction" method="adminDel">
        </action>
        <action name="adminManage" class="adminAction" method="adminManage">
            <result name="success">/admin/admin/adminManage.jsp</result>
        </action>
        
        
        <action name="liuyanMana" class="liuyanAction" method="liuyanMana">
             <result name="success">/admin/liuyan/liuyanMana.jsp</result>
        </action>
        <action name="liuyanAdd" class="liuyanAction" method="liuyanAdd">
        </action>
        <action name="liuyanDel" class="liuyanAction" method="liuyanDel">
        </action>
        <action name="liuyanAll" class="liuyanAction" method="liuyanAll">
             <result name="success">/qiantai/liuyan/liuyanAll.jsp</result>
        </action>
        
        
        
        <action name="catelogMana" class="catelogAction" method="catelogMana">
             <result name="success">/admin/catelog/catelogMana.jsp</result>
        </action>
        <action name="catelogAdd" class="catelogAction" method="catelogAdd">
        </action>
        <action name="catelogDel" class="catelogAction" method="catelogDel">
        </action>
        <action name="catelogAll" class="catelogAction" method="catelogAll">
             <result name="success">/qiantai/catelog/catelogAll.jsp</result>
        </action>
        
        
        
        <action name="goodsNoTejiaAdd" class="goodsAction" method="goodsNoTejiaAdd">
        </action>
        <action name="goodsNoTejiaDel" class="goodsAction" method="goodsNoTejiaDel">
        </action>
        <action name="goodsManaNoTejia" class="goodsAction" method="goodsManaNoTejia">
            <result name="success">/admin/goods/goodsManaNoTejia.jsp</result>
        </action>
        <action name="goodsDetailHou" class="goodsAction" method="goodsDetailHou">
            <result name="success">/admin/goods/goodsDetailHou.jsp</result>
        </action>
        <action name="goodsDetail" class="goodsAction" method="goodsDetail">
            <result name="success">/qiantai/goods/goodsDetail.jsp</result>
        </action>
        <action name="goodsAllNoTejia" class="goodsAction" method="goodsAllNoTejia">
            <result name="success">/qiantai/goods/goodsAllNoTejia.jsp</result>
        </action>
        <action name="goodsByCatelog" class="goodsAction" method="goodsByCatelog">
            <result name="success">/qiantai/goods/goodsByCatelog.jsp</result>
        </action>
        <action name="goodsSearch" class="goodsAction" method="goodsSearch">
            <result name="success">/qiantai/goods/goodsSearch.jsp</result>
        </action>
        
        
        
        
        
        <action name="testCart" class="buyAction" method="testCart">
        </action>
        <action name="addToCart" class="buyAction" method="addToCart">
        </action>
        <action name="myCart" class="buyAction" method="myCart">
            <result name="success">/qiantai/myCart/myCart.jsp</result>
        </action>
        <action name="orderQueren" class="buyAction" method="orderQueren">
            <result name="success">/qiantai/order/orderQueren.jsp</result>
        </action>
        <action name="orderSubmit" class="buyAction" method="orderSubmit">
            <result name="success">/qiantai/order/orderSubmit.jsp</result>
        </action>
        <action name="myOrder" class="buyAction" method="myOrder">
            <result name="success">/qiantai/order/myOrder.jsp</result>
        </action>
        <action name="orderDetail" class="buyAction" method="orderDetail">
            <result name="success">/qiantai/order/orderDetail.jsp</result>
        </action>
        <action name="orderDel" class="buyAction" method="orderDel">
        </action>
        <action name="orderMana" class="buyAction" method="orderMana">
            <result name="success">/admin/order/orderMana.jsp</result>
        </action>
        <action name="orderDelByAd" class="buyAction" method="orderDelByAd">
        </action>
        <action name="orderShouli" class="buyAction" method="orderShouli">
        </action>
        <action name="caiwuMana" class="buyAction" method="caiwuMana">
            <result name="success">/admin/caiwu/caiwuMana.jsp</result>
        </action>
        <action name="caiwuTongji" class="buyAction" method="caiwuTongji">
            <result name="success">/admin/caiwu/caiwuTongji.jsp</result>
        </action>
    </package>
</struts>