<?xml version="1.0" encoding="utf-8"?>
<!DOCTYPE hibernate-mapping PUBLIC "-//Hibernate/Hibernate Mapping DTD 3.0//EN"
"http://hibernate.sourceforge.net/hibernate-mapping-3.0.dtd">
<!-- 
    Mapping file autogenerated by MyEclipse Persistence Tools
-->
<hibernate-mapping>
    <class name="com.model.TOrderItem" table="t_orderItem">
        <id name="orderItemId" type="java.lang.Integer">
            <column name="orderItem_id" />
            <generator class="increment" />
        </id>
        <property name="orderId" type="java.lang.Integer">
            <column name="order_id" />
        </property>
        <property name="goodsId" type="java.lang.Integer">
            <column name="goods_id" />
        </property>
        <property name="goodsQuantity" type="java.lang.Integer">
            <column name="goods_quantity" />
        </property>
    </class>
</hibernate-mapping>
